ID,First Name,Last Name,Credit Card Type,Company,Salary,Years of employment,Weekly Hours
1,Gil,Wilde,Discover,DynCorp,5905,29,39
2,Mavis,Carter,Wells Fargo,Carrefour,4150,29,33
3,Gil,Grey,Capital One,21st Century Fox,9812,17,38
4,Lana,Sloan,MasterCard,Comcast,2214,6,27
5,Sofie,Snell,Wells Fargo,Demaco,6702,28,34
6,Mason,Sylvester,Chase,DynCorp,3168,28,38
7,Daron,Briggs,Maestro,Zepter,1394,29,27
8,Amy,Mcnally,American Express,Zepter,5285,24,25
9,Nicole,Uddin,Maestro,Zepter,3147,1,39
10,Mark,Khan,Chase,Erickson,8789,3,30
11,Jolene,Chadwick,Citibank,CarMax,2511,18,33
12,Camellia,Gibbons,Discover,UPC,3954,35,34
13,Margaret,Wooldridge,Bank of America,Erickson,7846,8,25
14,Javier,Gosling,American Express,BuzzFeed,2556,34,36
15,Hayden,Turner,Discover,ENEL,5647,2,32
16,Freya,Oswald,MasterCard,Comcast,2932,20,25
17,Caleb,Knight,UnionPay,Areon Impex,2492,3,39
18,Payton,Rigg,Bank of America,Leadertech Consulting,1374,27,28
19,Barney,Kirby,UnionPay,Facebook,1959,8,33
20,Rosalyn,Drew,Maestro,Vodafone,9765,25,26
21,Andrea,Leslie,Capital One,Facebook,2880,33,33
22,Caydence,Verdon,American Express,Zepter,2921,36,31
23,Nicholas,Irving,Capital One,Danone,8476,14,29
24,Helen,Milner,Wells Fargo,Mars,1917,30,36
25,Jenna,Miller,Maestro,Coca-Cola Company,4043,22,31
26,Kaylee,Morgan,Citibank,Comodo,7794,33,30
27,Chuck,Cattell,Maestro,Apple Inc.,4075,37,37
28,Anne,Stevens,Discover,It Smart Group,4293,32,34
29,Stacy,Brett,Maestro,Comodo,9692,17,29
30,Barry,London,Chase,BuzzFeed,3932,10,33
31,Angel,Dixon,Discover,DynCorp,8616,16,25
32,Nate,Rixon,Capital One,Erickson,8211,10,38
33,Nicholas,Campbell,Discover,Zepter,8627,14,33
34,Doug,Rainford,Visa,Erickson,4170,37,39
35,Hope,Turner,Wells Fargo,ENEL,1170,32,25
36,Angela,Patel,UnionPay,Global Print,1934,1,39
37,Bridget,Broomfield,Chase,Vodafone,5304,34,28
38,Callie,Jennson,Bank of America,Zepter,3257,29,31
39,Joseph,Abbot,Bank of America,It Smart Group,8099,18,35
40,Estrella,Jones,UnionPay,Telekom,6846,12,31
41,Natalie,Hall,Visa,AECOM,4393,28,39
42,Domenic,Robertson,Visa,DynCorp,9788,15,34
43,Abdul,Squire,Wells Fargo,Global Print,2317,32,27
44,Britney,Rowlands,MasterCard,Biolife Grup,2415,24,35
45,Sydney,Hilton,Wells Fargo,Comodo,6143,37,25
46,Susan,Whittle,Discover,Telekom,4135,36,32
47,Alan,Bradshaw,Bank of America,Apple Inc.,8136,8,37
48,Gabriel,Ripley,American Express,Erickson,5640,16,31
49,Leanne,Russell,Citibank,Carrefour,8569,23,35
50,Jessica,Partridge,American Express,Boeing,1463,20,30
51,Michael,Malone,American Express,Zepter,7483,13,28
52,Roger,Hepburn,Citibank,Danone,5956,28,33
53,Hayden,Morrison,MasterCard,Global Print,8798,17,37
54,Lily,Hamilton,Visa,Erickson,7743,37,29
55,Kendra,Dickson,Discover,CarMax,1157,28,26
56,Skylar,Woodcock,Citibank,Facebook,5897,23,29
57,Carter,Vallins,Maestro,Carrefour,3641,3,30
58,Johnathan,Maxwell,Maestro,Facebook,3050,36,37
59,Susan,Blackwall,Maestro,Comcast,9545,22,31
60,Cedrick,Steer,Wells Fargo,Comcast,4878,6,26
61,Mavis,Hopkins,American Express,Mars,9518,10,28
62,Susan,Atkinson,Capital One,Global Print,7929,16,38
63,Mason,Ulyatt,Bank of America,Coca-Cola Company,6461,36,33
64,Ryan,Cavanagh,MasterCard,Team Guard SRL,6340,38,35
65,Tiffany,Rehman,Bank of America,Facebook,5593,3,27
66,Daron,Foxley,Wells Fargo,Global Print,3194,6,30
67,Dorothy,Abbey,UnionPay,Leadertech Consulting,3595,4,33
68,Anthony,Moore,Visa,Carrefour,1369,1,31
69,Priscilla,Alexander,UnionPay,CarMax,5529,9,30
70,Ron,Ebden,UnionPay,Facebook,4240,12,27
71,Peter,Mooney,Maestro,Coca-Cola Company,3195,5,28
72,Rihanna,Yarlett,UnionPay,UPC,8944,4,33
73,Alice,Lane,Capital One,UPC,5095,15,39
74,Abbey,Drummond,Bank of America,Comodo,4335,35,32
75,Bree,Baldwin,Chase,Apple Inc.,1379,18,34
76,Chris,Rainford,Discover,UPC,5475,36,35
77,Julius,Ellwood,MasterCard,Facebook,9961,26,39
78,Fred,Parker,Bank of America,Danone,3070,9,27
79,Caleb,Milner,Chase,It Smart Group,5358,9,28
80,Rosalie,Wills,Citibank,Erickson,6263,21,32
81,Domenic,Dyson,Capital One,Areon Impex,6836,32,34
82,Cristal,Nelson,Chase,Comodo,6170,20,34
83,Aleksandra,Ebbs,Maestro,Metro Cash&Carry,3594,23,26
84,Maxwell,Jennson,UnionPay,Leadertech Consulting,6617,27,32
85,Rowan,Higgs,Discover,Amazon.com,8879,9,35
86,Phoebe,Franks,American Express,CarMax,6334,8,31
87,Erick,Stewart,Capital One,Danone,6209,3,39
88,Bristol,Doherty,Discover,ENEL,2478,5,34
89,Kieth,Poole,Chase,CarMax,7803,28,30
90,Hailey,Brooks,Citibank,Amazon.com,2725,5,38
91,Mavis,Huggins,Discover,Boeing,4129,16,34
92,Rick,Kelly,UnionPay,CarMax,5432,10,33
93,Abdul,Holt,Maestro,It Smart Group,6523,19,36
94,Lara,Stark,Capital One,Apple Inc.,1363,3,34
95,Ronald,Oliver,UnionPay,Comodo,4198,30,35
96,Elly,Nobbs,Capital One,DynCorp,9932,16,28
97,Carol,Harris,Visa,BuzzFeed,2333,28,31
98,Johnny,Funnell,Wells Fargo,ExxonMobil,1699,11,30
99,Daron,Chapman,Maestro,ExxonMobil,6195,20,39
100,Ruth,Knott,Capital One,UPC,1932,38,26
101,Dani,Potter,UnionPay,Erickson,9336,29,39
102,Janice,Thornton,Discover,Zepter,3485,38,32
103,Emerald,Moore,Wells Fargo,Apple Inc.,4645,20,39
104,Enoch,Ellery,Capital One,ExxonMobil,4402,37,28
105,George,Connell,Wells Fargo,Erickson,6277,3,34
106,Tess,Stevens,Wells Fargo,Vodafone,7868,10,36
107,Kimberly,Lucas,UnionPay,Global Print,4986,30,33
108,Drew,Palmer,Chase,DynCorp,4823,7,38
109,Rylee,Rycroft,Visa,ExxonMobil,5362,9,39
110,Hank,Widdows,UnionPay,Zepter,1210,30,31
111,Nathan,Rixon,Bank of America,Demaco,3115,36,38
112,Josh,Edley,Wells Fargo,Carrefour,5650,33,27
113,Amy,Bloom,Citibank,Comcast,1858,37,27
114,Sienna,Robe,Visa,AECOM,1772,35,36
115,Leilani,Taylor,American Express,Mars,3363,13,27
116,Chad,Keys,Maestro,DynCorp,7291,35,27
117,Kurt,Campbell,Maestro,Areon Impex,7232,1,31
118,George,Hudson,Discover,21st Century Fox,8254,17,35
119,Manuel,Rixon,Citibank,UPC,4666,17,29
120,Greta,Tindall,Maestro,Mars,1220,12,39
121,Norah,Selby,UnionPay,Areon Impex,9388,34,30
122,Rae,Cobb,Visa,Coca-Cola Company,5762,36,31
123,Benjamin,Waterson,Maestro,Vodafone,8743,27,39
124,Marigold,Vaughan,Maestro,BuzzFeed,1658,27,31
125,Adalind,Norris,American Express,Carrefour,7413,30,26
126,Britney,Morrison,Maestro,ENEL,3157,11,38
127,Jacob,Dixon,Visa,Danone,3917,29,26
128,Mike,Turner,Visa,ENEL,8899,19,39
129,George,Foxley,UnionPay,Facebook,5319,15,29
130,Alexander,Simpson,Visa,BuzzFeed,7996,21,27
131,Eden,Strong,Wells Fargo,It Smart Group,5970,12,38
132,Hayden,Wigley,Capital One,Comcast,6950,25,26
133,Thea,Dann,Bank of America,Erickson,5949,10,33
134,Rick,Ainsworth,Capital One,Apple Inc.,6602,7,30
135,Camden,Robertson,Bank of America,Areon Impex,9767,33,30
136,Ramon,Allen,Bank of America,Team Guard SRL,1762,37,27
137,Hayden,Bradshaw,Bank of America,ExxonMobil,6722,32,25
138,Jacob,Knight,Wells Fargo,Global Print,1219,24,39
139,Louise,Rust,MasterCard,It Smart Group,7786,7,35
140,Ilona,Lakey,Capital One,Metro Cash&Carry,4351,16,38
141,Gil,Allington,Wells Fargo,Team Guard SRL,3446,23,34
142,Alessia,Andrews,Chase,UPC,3633,3,28
143,Macy,Hale,MasterCard,Comodo,7692,2,31
144,Enoch,Alexander,Visa,CarMax,5385,25,39
145,Ryan,Yarwood,MasterCard,Areon Impex,2026,31,30
146,Taylor,Moore,UnionPay,Team Guard SRL,6476,8,37
147,Luke,Morris,MasterCard,Danone,2417,34,39
148,Martin,Slater,American Express,AECOM,5045,25,38
149,Martin,Price,Maestro,ENEL,8661,11,29
150,Eduardo,Hunt,UnionPay,Amazon.com,4027,11,26
151,Bree,Ryan,Chase,Leadertech Consulting,4607,33,37
152,Carter,Harrison,Capital One,Erickson,4427,32,38
153,Emma,Doherty,Chase,Coca-Cola Company,3588,17,35
154,Owen,Ingram,Visa,Erickson,2935,1,35
155,Danny,Harper,UnionPay,Amazon.com,1446,13,31
156,Sydney,Bennett,Wells Fargo,Telekom,9636,38,25
157,Candice,Ballard,Citibank,ENEL,7380,3,29
158,Harvey,Poole,Bank of America,Demaco,6971,21,32
159,Michelle,Miller,Chase,Leadertech Consulting,2500,1,35
160,Nick,Oakley,MasterCard,Carrefour,9232,3,27
161,Erick,Cox,American Express,Apple Inc.,9962,10,34
162,Meredith,Clifford,Citibank,Biolife Grup,4821,34,26
163,Hanna,Rossi,Visa,Coca-Cola Company,4038,19,39
164,Elena,Sanchez,Maestro,Areon Impex,8042,8,33
165,Leroy,Ianson,Discover,Biolife Grup,2188,6,38
166,Jayden,Exton,Citibank,CarMax,9399,5,27
167,Miriam,Quinnell,American Express,Erickson,9213,7,30
168,David,Knight,MasterCard,Demaco,3250,28,38
169,Marla,Isaac,American Express,Vodafone,1781,21,26
170,Julius,Underhill,UnionPay,Comcast,4981,39,39
171,Leroy,Gray,Capital One,Mars,8423,9,37
172,Candace,Simmons,Wells Fargo,Telekom,9491,14,25
173,Barney,Shields,Capital One,Demaco,7738,38,32
174,Eduardo,Tindall,Chase,Coca-Cola Company,5060,39,38
175,Caleb,Lowe,Capital One,BuzzFeed,4422,5,32
176,Clint,Cann,Capital One,Facebook,1199,19,34
177,Bree,Tailor,MasterCard,Mars,7112,15,29
178,Felicity,Brooks,Discover,Coca-Cola Company,6279,32,34
179,Clint,Franks,Visa,Mars,1175,6,28
180,Natalie,Rowe,Citibank,ENEL,6597,34,26
181,Valerie,Clarke,Visa,Erickson,7383,6,31
182,Irene,Rust,Citibank,It Smart Group,3853,20,37
183,Carla,Darcy,Visa,Telekom,4153,34,29
184,Eduardo,Rothwell,Chase,DynCorp,3680,32,35
185,Marvin,Denton,Discover,Global Print,7028,13,27
186,Eduardo,Wilkinson,Bank of America,CarMax,1912,2,34
187,Kieth,Gray,Discover,Team Guard SRL,7362,17,26
188,Chuck,Bentley,American Express,Metro Cash&Carry,6169,25,37
189,Denny,Verdon,Citibank,CarMax,7207,23,25
190,John,Fox,UnionPay,Comcast,9882,13,34
191,Owen,Hood,Bank of America,Amazon.com,1141,20,29
192,Dorothy,Partridge,Capital One,Global Print,9432,30,36
193,Margot,Fowler,Chase,Comodo,1397,27,39
194,Erin,Yang,Bank of America,Amazon.com,7526,29,30
195,Abdul,Vaughan,Discover,Facebook,8185,37,26
196,Stephanie,Nanton,Discover,Vodafone,3247,30,31
197,Kieth,Gibson,Capital One,Vodafone,7261,24,37
198,Irene,Warner,Chase,Leadertech Consulting,6465,14,39
199,Penelope,Spencer,Wells Fargo,ENEL,1032,5,32
200,Fred,Evans,Capital One,Mars,9089,30,27
201,Bart,Brown,Maestro,Erickson,4929,7,39
202,Selena,Neville,Discover,Metro Cash&Carry,4276,20,28
203,Daron,Clarke,Visa,Demaco,3295,38,32
204,Hannah,Robertson,Wells Fargo,Amazon.com,3846,4,26
205,Dorothy,Saunders,Wells Fargo,Vodafone,4810,26,25
206,Samantha,Denton,Discover,Vodafone,4004,5,36
207,Caleb,Tanner,American Express,Biolife Grup,6779,24,29
208,Josh,Verdon,American Express,Erickson,6948,2,37
209,Anne,Lakey,MasterCard,Comcast,9892,2,39
210,Daria,Miller,Bank of America,Amazon.com,2471,12,33
211,Dalia,Whittle,American Express,ENEL,6732,19,32
212,Phillip,Ellwood,Capital One,Comcast,2968,29,29
213,Peter,Crawley,Wells Fargo,Facebook,9219,17,28
214,Manuel,Shaw,Capital One,UPC,7679,17,38
215,Vera,Aldridge,Maestro,Comcast,6797,16,38
216,Marvin,Walker,UnionPay,Leadertech Consulting,7205,25,31
217,Hannah,Miller,American Express,Amazon.com,8156,34,37
218,Gil,Needham,Chase,DynCorp,2032,2,38
219,Clint,Davies,Bank of America,Leadertech Consulting,7840,36,25
220,Nicholas,Ebden,Chase,Erickson,7260,27,37
221,Domenic,Thomson,Chase,Demaco,9718,39,36
222,Morgan,Rowlands,Capital One,Mars,8038,4,26
223,Anne,Ogilvy,Citibank,Areon Impex,7865,34,36
224,Tony,Murray,Chase,Leadertech Consulting,3731,21,28
225,Henry,Richards,American Express,Global Print,4956,12,29
226,Anthony,Craig,Discover,Facebook,6470,12,29
227,Percy,Mcleod,Chase,Vodafone,6730,34,31
228,Roger,Gosling,American Express,Biolife Grup,4535,10,30
229,Manuel,Cartwright,UnionPay,Comcast,6962,34,35
230,Dorothy,Payne,Maestro,Leadertech Consulting,2059,3,30
231,Tyler,Franks,American Express,BuzzFeed,9326,1,36
232,Daniel,Tyrrell,MasterCard,DynCorp,8736,26,26
233,Manuel,Woodcock,Bank of America,Zepter,6413,36,33
234,Raquel,Cunningham,Citibank,Danone,8907,36,31
235,Leroy,Bradley,Chase,Coca-Cola Company,8374,19,30
236,Bridget,Osmond,Wells Fargo,Mars,7018,34,33
237,Jacob,Squire,UnionPay,Telekom,2987,26,28
238,Harvey,Miller,Visa,Mars,9976,25,29
239,Rufus,Yard,Chase,Global Print,1873,5,38
240,Bridget,Grady,Chase,Danone,4807,32,33
241,Adina,Thomas,Discover,Demaco,2911,31,37
242,Sarah,Sanchez,MasterCard,Telekom,4192,24,37
243,Chester,Reading,MasterCard,AECOM,3632,12,31
244,Phoebe,Talbot,Wells Fargo,Vodafone,1908,5,35
245,Logan,Kelly,Visa,Leadertech Consulting,8893,29,36
246,Summer,Exton,Maestro,Facebook,9295,10,25
247,Charlize,Bell,Maestro,Areon Impex,6087,4,34
248,Liv,Ingham,Visa,BuzzFeed,3521,23,32
249,Johnathan,Mason,Citibank,Danone,5515,13,34
250,Angel,Moreno,Visa,Erickson,4375,31,30
251,Sloane,Downing,Visa,Comodo,2384,31,31
252,Adina,Forester,Wells Fargo,Comcast,6006,36,31
253,Allison,Rixon,Maestro,Mars,2535,36,25
254,Luke,Cameron,MasterCard,Comodo,9494,11,39
255,Gwenyth,Harris,Chase,Erickson,5262,18,26
256,Matthew,Fox,Wells Fargo,Mars,7961,10,37
257,Alison,Janes,Bank of America,Facebook,8112,24,25
258,Candice,Attwood,UnionPay,Biolife Grup,5541,16,33
259,Harriet,Thorpe,MasterCard,Leadertech Consulting,3747,6,29
260,Rick,Power,Maestro,Biolife Grup,4639,12,25
261,Johnathan,Knight,Citibank,Demaco,4789,11,31
262,Ronald,Patel,American Express,Team Guard SRL,8270,19,31
263,Colleen,Fall,Maestro,ENEL,1376,13,32
264,William,Sloan,Citibank,Zepter,6508,16,39
265,Vanessa,Connell,Maestro,Coca-Cola Company,4458,38,38
266,Hayden,Wellington,Wells Fargo,Danone,7530,5,28
267,Owen,Jeffery,Chase,21st Century Fox,4366,23,26
268,Agnes,Allington,Chase,Demaco,2920,28,39
269,Elijah,Fox,Maestro,Erickson,6018,16,39
270,Bristol,Gibson,Chase,Comcast,7910,15,27
271,Teagan,Camden,Citibank,CarMax,8285,29,28
272,Denny,Buckley,Maestro,Erickson,4627,14,29
273,Chanelle,Sawyer,Bank of America,Areon Impex,2321,35,33
274,Esmeralda,Randall,Citibank,CarMax,9860,29,34
275,Kirsten,Matthews,Maestro,Global Print,6581,38,36
276,Kaylee,Middleton,Maestro,Coca-Cola Company,4708,27,34
277,Roger,Long,UnionPay,DynCorp,5229,11,36
278,Johnny,Egerton,Capital One,Global Print,7050,11,34
279,Emma,Tobin,American Express,Mars,4210,1,33
280,Marvin,Simmons,American Express,DynCorp,9204,23,37
281,Josh,Nicholls,Bank of America,Leadertech Consulting,1301,31,27
282,Liam,Newton,Maestro,Mars,6809,21,37
283,Mason,Isaac,Visa,Carrefour,3193,35,32
284,Noah,Horton,UnionPay,Comodo,8691,38,37
285,Zoe,Russel,American Express,UPC,4392,5,33
286,Chester,Pond,Bank of America,Carrefour,1412,31,26
287,Liliana,Owens,Visa,Demaco,5212,30,36
288,Angel,Sloan,UnionPay,Carrefour,1844,6,36
289,Chad,Mullins,Discover,Erickson,2230,13,38
290,Angelina,Wilkinson,Maestro,ENEL,9993,17,25
291,Kirsten,Michael,American Express,Zepter,8214,10,29
292,Naomi,Villiger,Discover,Leadertech Consulting,5289,21,25
293,William,Exton,UnionPay,DynCorp,1309,31,32
294,Sebastian,Higgs,Bank of America,AECOM,8543,12,39
295,Erick,Mccormick,MasterCard,Coca-Cola Company,7193,2,26
296,Carter,Allcott,UnionPay,Mars,5666,14,26
297,Piper,Needham,American Express,Coca-Cola Company,7899,8,26
298,Logan,Saunders,Wells Fargo,Vodafone,4826,31,31
299,Tania,Khan,Discover,CarMax,4068,1,30
300,Denis,Clarkson,Bank of America,Demaco,1507,29,36
301,Joy,Fenton,Chase,Areon Impex,9013,38,32
302,Lucas,Rivers,American Express,AECOM,6120,36,36
303,Matt,Shields,Capital One,CarMax,6427,5,38
304,Michael,Shields,MasterCard,Erickson,3538,21,25
305,Tania,Bailey,UnionPay,DynCorp,2574,20,30
306,Bart,Carter,Chase,21st Century Fox,6246,32,31
307,Marla,Holmes,Chase,Biolife Grup,4371,31,29
308,Samantha,Bailey,American Express,ENEL,8052,7,30
309,Gabriel,Roman,Visa,CarMax,3040,38,39
310,Ember,Strong,Maestro,UPC,5879,25,29
311,Matt,Reynolds,UnionPay,AECOM,9687,17,32
312,Josephine,Attwood,Visa,ENEL,1761,37,34
313,Remy,Groves,MasterCard,CarMax,6965,17,35
314,Bryce,Hastings,Chase,ENEL,8730,32,38
315,Luke,Wilde,American Express,Leadertech Consulting,5637,32,38
316,Percy,Simpson,UnionPay,Areon Impex,8644,21,31
317,Adalind,Russell,UnionPay,Boeing,4457,12,26
318,Michael,Miller,Discover,Areon Impex,8392,2,36
319,Taylor,Walsh,Citibank,Metro Cash&Carry,5396,5,30
320,Abdul,Welsch,Bank of America,Danone,7502,30,37
321,Rosie,Allen,Visa,ExxonMobil,1969,1,35
322,Logan,Gibbons,Maestro,Demaco,1710,39,36
323,Sienna,Kelly,Chase,Boeing,5275,1,34
324,Mayleen,Kennedy,Visa,Mars,4806,38,37
325,Roger,Edmonds,Capital One,Erickson,9108,37,30
326,Anabel,Wooldridge,Bank of America,Biolife Grup,2025,31,38
327,Denis,Shaw,Capital One,UPC,2868,1,36
328,Marina,Emmett,Visa,Comcast,9159,38,35
329,Kieth,Watson,Wells Fargo,Biolife Grup,6624,19,27
330,Hayden,Bryson,Chase,Leadertech Consulting,2688,39,26
331,Juliet,Phillips,Maestro,Biolife Grup,6901,15,33
332,Caydence,Clark,American Express,Areon Impex,8645,39,32
333,Maia,Jennson,Chase,Amazon.com,3766,11,27
334,Owen,Murphy,Chase,Comodo,4999,10,30
335,Violet,Miller,Wells Fargo,Demaco,1436,3,39
336,Benjamin,Woodley,Maestro,DynCorp,1642,9,25
337,Mason,Reynolds,Capital One,CarMax,4090,7,34
338,Javier,Amstead,Maestro,Vodafone,7708,21,34
339,Hazel,Ebbs,Visa,Facebook,5350,36,29
340,Sebastian,Cooper,Capital One,Amazon.com,3950,13,29
341,Luke,Riley,American Express,Team Guard SRL,9584,16,33
342,Renee,Morris,American Express,AECOM,1986,30,38
343,Stephanie,Williams,American Express,Biolife Grup,2106,14,30
344,Elle,Robertson,Discover,Apple Inc.,8935,28,28
345,Elisabeth,Andersson,Discover,CarMax,2160,17,31
346,Bree,Ashwell,Visa,Leadertech Consulting,5363,30,25
347,Lucy,Mason,Visa,DynCorp,9358,28,29
348,Sylvia,Lee,MasterCard,DynCorp,7015,10,37
349,Angel,Cooper,MasterCard,Demaco,9558,35,39
350,Gil,Mcgregor,UnionPay,Zepter,3048,33,29
351,Alba,Kelly,MasterCard,Facebook,6265,18,38
352,Sonya,Harris,Chase,UPC,2991,25,30
353,Logan,Porter,Bank of America,Amazon.com,5600,19,33
354,Jocelyn,Healy,Discover,Leadertech Consulting,9727,23,37
355,Chadwick,Walsh,Discover,ENEL,1448,5,29
356,Ron,Rose,Capital One,Vodafone,3546,19,26
357,Ronald,Uttley,Visa,Areon Impex,9627,15,35
358,Julius,Exton,Wells Fargo,DynCorp,7453,14,33
359,Maria,Rowlands,Visa,Vodafone,8975,37,33
360,Kieth,Wellington,MasterCard,DynCorp,2317,13,39
361,Marla,Richardson,Chase,BuzzFeed,4883,35,33
362,Adalind,Eastwood,Discover,Carrefour,6794,19,32
363,Percy,Stevens,Capital One,Vodafone,4171,36,33
364,Kassandra,Cork,Maestro,Erickson,2248,35,31
365,Matt,Selby,Visa,Metro Cash&Carry,8140,28,28
366,Chris,Lyon,Maestro,Zepter,2565,20,37
367,Marvin,Cartwright,UnionPay,ENEL,9640,29,30
368,Enoch,Reading,Capital One,Mars,9226,11,37
369,Boris,Penn,Citibank,Amazon.com,3964,4,32
370,Nick,Mcgregor,Discover,Vodafone,9788,33,38
371,Michaela,Long,Visa,Vodafone,2831,39,31
372,Karla,Judd,Chase,Erickson,4387,19,26
373,John,Sinclair,Maestro,ExxonMobil,4783,36,27
374,Jacob,Cann,Maestro,Demaco,1014,7,36
375,Destiny,Rothwell,Bank of America,UPC,1998,25,28
376,Grace,Wise,Chase,Areon Impex,5221,9,25
377,Darlene,Leigh,Maestro,ENEL,8531,5,34
378,Lexi,King,Bank of America,Amazon.com,9881,32,29
379,Logan,Button,Discover,Carrefour,6408,24,26
380,Nicholas,Tennant,Discover,Biolife Grup,4225,10,33
381,Leroy,Chester,Capital One,UPC,2959,13,26
382,Georgia,Camden,MasterCard,CarMax,7914,12,36
383,Marjorie,Becker,American Express,ExxonMobil,5181,38,30
384,Lana,Lewis,Visa,Biolife Grup,3684,39,34
385,Jazmin,Knight,UnionPay,CarMax,5662,32,39
386,Carrie,Clarke,American Express,Facebook,4319,5,38
387,Juliette,Atkinson,Visa,CarMax,8792,31,35
388,Rick,Baker,Citibank,Amazon.com,2692,20,27
389,Mara,Farrant,American Express,Carrefour,6641,31,34
390,Molly,King,MasterCard,Team Guard SRL,6028,28,29
391,Makena,Huggins,Visa,Telekom,9011,24,27
392,Kieth,Stone ,American Express,Amazon.com,7941,2,25
393,Sofie,Rose,American Express,It Smart Group,7028,32,31
394,Matt,Penn,Chase,Mars,6068,21,36
395,Jayden,Mooney,Wells Fargo,Carrefour,4327,21,36
396,Barney,Lane,Citibank,Global Print,4679,29,39
397,Gil,Ralph,Citibank,Boeing,4037,8,34
398,Danny,Thomas,Chase,AECOM,1066,16,28
399,Harry,Ellison,Chase,Carrefour,5899,39,35
400,Karen,Greenwood,Citibank,CarMax,7530,5,29
401,Marissa,Lee,UnionPay,Comcast,5429,35,33
402,Andie,Warren,American Express,Amazon.com,9076,12,35
403,Nick,Irving,UnionPay,Areon Impex,1894,35,37
404,Camellia,Gordon,Maestro,Facebook,2367,26,38
405,Natalie,Hill,Citibank,Mars,7387,32,39
406,Cedrick,Summers,Citibank,Telekom,6503,31,35
407,Anthony,Middleton,Wells Fargo,Danone,5054,13,27
408,Alice,Neal,Maestro,Carrefour,9457,35,39
409,Colleen,Clark,Discover,Demaco,2999,38,39
410,Martin,Cobb,Citibank,Leadertech Consulting,8590,6,31
411,Johnathan,Keys,UnionPay,DynCorp,2159,31,26
412,Tony,Nelson,Capital One,Danone,8937,36,36
413,Harry,Greenwood,Chase,DynCorp,1347,6,30
414,Johnny,Ballard,Wells Fargo,UPC,3540,25,35
415,Marvin,Ianson,American Express,Demaco,2485,5,28
416,Ron,Needham,American Express,Zepter,6864,35,36
417,Rihanna,Quinton,Maestro,Team Guard SRL,5650,26,34
418,Anthony,Clifton,Wells Fargo,21st Century Fox,3670,26,33
419,Drew,Mitchell,Maestro,Telekom,5650,7,37
420,Francesca,James,Visa,It Smart Group,7488,27,30
421,Dasha,Thorne,Capital One,21st Century Fox,6849,21,36
422,Scarlett,Hooper,UnionPay,ENEL,6611,39,39
423,Nicholas,Foxley,Maestro,Telekom,9445,5,28
424,Rihanna,Mccormick,Discover,Danone,5571,20,37
425,Sabina,Hewitt,Visa,Leadertech Consulting,4328,13,37
426,Barry,Partridge,Visa,Facebook,5795,16,37
427,Chad,Rogan,Bank of America,ExxonMobil,7876,28,32
428,Evie,Little,Citibank,It Smart Group,7789,26,39
429,Gabriel,Jarvis,Citibank,Leadertech Consulting,8392,15,34
430,Moira,Stanley,American Express,UPC,1079,22,32
431,Phillip,Gilmore,UnionPay,Comcast,7113,1,32
432,Benny,Larsen,Citibank,Danone,3651,28,32
433,Peter,Rowlands,UnionPay,Team Guard SRL,3847,12,34
434,Russel,Hooper,Discover,Danone,3269,1,39
435,Matthew,Ventura,Wells Fargo,Metro Cash&Carry,9894,24,30
436,Denis,Andrews,Maestro,Biolife Grup,4017,21,35
437,Tony,Oatway,Citibank,Areon Impex,9026,13,32
438,Sydney,Cadman,Maestro,Boeing,3526,16,31
439,Alan,Niles,American Express,Carrefour,3044,5,33
440,Danny,Weston,Capital One,Amazon.com,3647,38,35
441,Marvin,Ashwell,Maestro,Apple Inc.,1164,1,26
442,Sofia,Carter,UnionPay,Comcast,6935,21,35
443,Kieth,Wills,American Express,21st Century Fox,2336,25,26
444,Bryon,Carter,MasterCard,21st Century Fox,9962,23,26
445,Liam,Harris,UnionPay,BuzzFeed,4724,3,32
446,Ronald,Alcroft,Capital One,Danone,5188,8,28
447,Helen,Doherty,Maestro,Boeing,6202,19,36
448,Katelyn,Roth,Citibank,BuzzFeed,8049,33,31
449,Bart,Addis,Wells Fargo,Telekom,8479,33,25
450,Bethany,Driscoll,MasterCard,Team Guard SRL,3580,1,33
451,Emmanuelle,Power,Capital One,Danone,7050,9,28
452,Wade,Furnell,Chase,ENEL,1417,25,31
453,Luna,Larsen,Citibank,Demaco,7120,23,30
454,Manuel,Willis,Maestro,Comcast,3077,24,28
455,Lucas,Rowe,Citibank,Zepter,5816,13,32
456,Marla,Lewis,American Express,Telekom,3036,23,38
457,Lily,Webster,UnionPay,Carrefour,9479,38,32
458,Fred,Bennett,MasterCard,Facebook,3558,32,27
459,Adalie,Morley,Citibank,Team Guard SRL,6668,28,34
460,Julian,Ebden,Maestro,Demaco,2290,28,38
461,Margot,Newman,Chase,It Smart Group,9548,6,29
462,Jacob,Burnley,Citibank,Apple Inc.,1459,31,33
463,Jade,Baxter,UnionPay,BuzzFeed,5814,28,34
464,Isabel,Redden,American Express,Facebook,1213,35,27
465,Aisha,Grady,Chase,Biolife Grup,2611,1,35
466,Matt,Evans,Discover,Areon Impex,7201,12,27
467,Winnie,Rivers,UnionPay,Apple Inc.,9845,39,36
468,Matt,Speed,UnionPay,Leadertech Consulting,7940,25,31
469,Chris,Roberts,Citibank,Comodo,2759,36,35
470,David,Grey,Bank of America,Areon Impex,8978,28,30
471,Alan,Mcleod,Maestro,Areon Impex,3159,33,25
472,Daria,Butler,Chase,Biolife Grup,3723,6,25
473,Doris,Curtis,Wells Fargo,Facebook,3641,5,36
474,Lucas,Alexander,MasterCard,Carrefour,2000,32,32
475,Crystal,Bryant,Capital One,Apple Inc.,6891,19,28
476,Davina,Jackson,Discover,Coca-Cola Company,3687,3,34
477,Liam,Owen,Discover,Leadertech Consulting,3048,27,37
478,Isla,Dickson,Wells Fargo,UPC,6333,38,28
479,Marla,Clarke,American Express,Zepter,8639,27,35
480,Aurelia,Kidd,Discover,Biolife Grup,3748,29,32
481,Sofie,Coates,MasterCard,Biolife Grup,1301,38,26
482,Julian,Shaw,UnionPay,UPC,9461,30,25
483,Jack,Cox,Capital One,Coca-Cola Company,6991,35,26
484,Amy,Nicolas,Wells Fargo,Metro Cash&Carry,9453,9,37
485,Carmella,Pitt,Capital One,Erickson,7756,24,31
486,Elijah,Boyle,Citibank,Facebook,1319,10,36
487,Angelina,Upsdell,MasterCard,Areon Impex,4468,20,35
488,Javier,Upton,Bank of America,Areon Impex,5289,27,33
489,Chadwick,Rose,Discover,Mars,4560,30,28
490,Eduardo,Lee,Discover,ExxonMobil,8893,18,27
491,Carmen,Burge,UnionPay,Vodafone,1314,34,33
492,Bob,Flack,Visa,Zepter,7976,18,28
493,Josephine,Giles,Capital One,Erickson,4878,1,39
494,Claire,Jones,Citibank,Mars,7305,35,30
495,Josh,Ellis,UnionPay,Erickson,1038,15,32
496,Charlize,Stanley,MasterCard,Erickson,6446,21,25
497,Taylor,Hale,Wells Fargo,Comcast,2243,32,26
498,Barry,Spencer,UnionPay,Facebook,8699,33,31
499,Olivia,Tate,Bank of America,ENEL,8377,36,32
500,Gabriel,Salt,MasterCard,ExxonMobil,8359,25,30
501,Janice,Summers,Capital One,Metro Cash&Carry,4363,1,33
502,Dorothy,Russel,Visa,Erickson,6961,32,34
503,Natalie,Khan,Chase,Team Guard SRL,7211,23,34
504,Matthew,Varley,Capital One,Erickson,6516,13,32
505,John,Matthews,Capital One,Erickson,5313,2,29
506,Alexander,Stewart,MasterCard,UPC,8120,8,28
507,Javier,Doherty,Chase,Global Print,1383,9,28
508,Liam,Thomson,UnionPay,ExxonMobil,6788,10,31
509,Ema,Summers,Citibank,BuzzFeed,4917,13,37
510,Leroy,Eyres,Capital One,Amazon.com,3936,7,35
511,Tara,Ross,Visa,Zepter,7376,9,33
512,Martha,Noon,American Express,Telekom,4143,20,25
513,Joyce,Wheeler,Chase,21st Century Fox,2251,14,36
514,Bart,Farrell,Citibank,It Smart Group,8709,14,31
515,Carl,Vass,American Express,AECOM,1772,29,27
516,Rosalee,Willis,American Express,DynCorp,8849,8,36
517,Harvey,Rehman,Chase,Areon Impex,5858,18,31
518,Penny,Curtis,UnionPay,21st Century Fox,2736,15,28
519,Alan,Davies,Wells Fargo,Vodafone,1938,22,32
520,Shay,Mitchell,MasterCard,It Smart Group,9529,39,39
521,Carmella,Marshall,Capital One,Carrefour,7443,18,27
522,Mya,Villiger,Visa,Mars,1475,37,31
523,Mavis,Farrant,Chase,Danone,7175,23,34
524,John,Verdon,Discover,Leadertech Consulting,2713,10,26
525,Florence,Savage,Chase,Amazon.com,1299,6,31
526,Rae,Abbot,Wells Fargo,Zepter,4471,29,32
527,Jazmin,Griffiths,American Express,Zepter,4789,34,27
528,Benjamin,Niles,Discover,Telekom,6855,25,32
529,Nicholas,Allwood,American Express,Vodafone,4259,21,33
530,Bryce,Stone,Wells Fargo,Boeing,1831,37,38
531,Bob,Cameron,Maestro,Leadertech Consulting,8823,14,38
532,Phillip,Roberts,Capital One,Areon Impex,3911,31,27
533,Callie,Utterson,American Express,Demaco,3953,12,38
534,Tyler,Davies,Maestro,Telekom,3777,13,39
535,Elijah,Newton,Visa,Carrefour,6583,37,33
536,Leslie,Douglas,Chase,BuzzFeed,3097,25,29
537,Martin,Fox,Wells Fargo,Carrefour,5735,12,28
538,Ron,Howard,Wells Fargo,Danone,4887,12,28
539,Aiden,Roman,Discover,Comodo,6871,2,30
540,Tyson,Long,UnionPay,Metro Cash&Carry,7479,1,36
541,Jack,Foxley,Citibank,Mars,8229,36,27
542,Angelique,Needham,American Express,Telekom,5061,19,32
543,Johnathan,Brooks,American Express,Telekom,9014,10,30
544,Barry,Barrett,UnionPay,Carrefour,6634,31,32
545,Natalie,Rowlands,UnionPay,AECOM,3410,18,33
546,Phoebe,Thatcher,Citibank,Mars,6602,28,39
547,Daniel,Allington,Discover,UPC,6649,6,32
548,Carrie,Richards,Wells Fargo,Facebook,3431,4,29
549,Tara,Davies,Wells Fargo,Comcast,8077,1,30
550,Isla,Pond,MasterCard,Comodo,3103,23,39
551,Rylee,Connor,Visa,Leadertech Consulting,1438,2,25
552,Jacqueline,Rogers,Maestro,Boeing,9385,33,29
553,Keira,Gunn,American Express,BuzzFeed,3094,23,27
554,Madison,Ingham,Discover,DynCorp,9183,20,39
555,Juliette,Raven,Wells Fargo,Leadertech Consulting,9305,29,28
556,Tess,Poole,Bank of America,Global Print,1633,20,29
557,Aiden,Preston,Wells Fargo,UPC,2650,4,29
558,George,Hale,Discover,Leadertech Consulting,3019,9,26
559,Benny,Horton,American Express,Amazon.com,3692,29,30
560,George,Duvall,Visa,ExxonMobil,7432,35,37
561,Maxwell,Roth,Capital One,CarMax,1123,19,36
562,Sofia,Wilkinson,Citibank,Telekom,9302,26,26
563,Dani,Clarke,UnionPay,Danone,2131,16,33
564,Amelia,Welsch,Maestro,Danone,9218,19,38
565,Chad,Garner,Capital One,21st Century Fox,9013,6,25
566,Abbey,Nielson,MasterCard,Apple Inc.,7605,29,38
567,Stella,Harrison,Wells Fargo,Amazon.com,2607,29,26
568,Luke,Saunders,Wells Fargo,Comcast,5949,27,31
569,Roger,White,MasterCard,Apple Inc.,3714,33,33
570,Stephanie,Neal,Maestro,Danone,2779,8,25
571,Danny,Rust,Visa,Vodafone,9936,38,32
572,Marissa,James,Bank of America,Erickson,7053,26,33
573,Caleb,Dobson,MasterCard,Comcast,5770,22,33
574,Penelope,Quinn,Visa,Demaco,8072,39,34
575,Diane,Sylvester,UnionPay,AECOM,5842,10,28
576,Denis,Palmer,Maestro,Mars,1023,11,32
577,Gil,Yang,Chase,21st Century Fox,9534,25,28
578,Jack,Upton,Visa,Facebook,8476,36,38
579,Tom,Welsch,Discover,CarMax,9664,2,39
580,Julius,Ross,Wells Fargo,Comodo,6643,33,26
581,Skylar,Owen,Wells Fargo,Erickson,4461,14,29
582,Tyson,Randall,Citibank,AECOM,2211,23,29
583,Benny,Woodcock,Discover,Comcast,5642,20,27
584,Vera,Jackson,Chase,DynCorp,1727,9,32
585,Bethany,Blackburn,Bank of America,DynCorp,4672,24,25
586,Summer,Ingram,Chase,Metro Cash&Carry,9507,17,27
587,Alexander,Myatt,Wells Fargo,It Smart Group,1315,29,29
588,Melanie,Griffiths,Bank of America,Comodo,8028,18,37
589,Matt,Ogilvy,Chase,Boeing,7478,19,32
590,Tyson,Jennson,Citibank,Facebook,9411,29,26
591,Shay,Partridge,Maestro,ENEL,7695,15,33
592,Maggie,West,Maestro,Amazon.com,8008,1,37
593,Priscilla,Rycroft,American Express,ENEL,8538,12,30
594,Maddison,Rogers,UnionPay,DynCorp,7544,25,30
595,Jasmine,Davies,Bank of America,Erickson,5254,15,31
596,Carter,Bright,Bank of America,Team Guard SRL,5265,24,27
597,Lucas,Gilmour,UnionPay,Demaco,3989,25,28
598,Henry,Hancock,American Express,Vodafone,6889,29,31
599,Doris,Douglas,Wells Fargo,Coca-Cola Company,2028,20,31
600,Piper,Bell,Wells Fargo,Metro Cash&Carry,4670,9,38
601,Bryon,Rothwell,American Express,Biolife Grup,9304,32,36
602,Clint,Owen,MasterCard,BuzzFeed,1101,9,39
603,Priscilla,Simpson,Maestro,Demaco,1464,6,29
604,Mason,Terry,UnionPay,Leadertech Consulting,1756,33,32
605,Danny,Ballard,Bank of America,Apple Inc.,3894,32,31
606,Tony,Gonzales,Wells Fargo,Danone,3266,23,33
607,Courtney,Avery,American Express,Boeing,2944,13,31
608,Aileen,Nelson,Maestro,DynCorp,2320,8,35
609,Caleb,Richards,Visa,It Smart Group,3971,25,37
610,Tony,Collins,American Express,Global Print,6674,8,34
611,Marjorie,Parker,Discover,Zepter,4583,24,34
612,Luke,Heaton,Capital One,DynCorp,8773,24,28
613,Charlotte,Booth,Chase,BuzzFeed,4626,18,30
614,Rufus,Wilson,Discover,Demaco,8878,7,33
615,Marigold,Norris,Capital One,It Smart Group,4710,38,29
616,Lauren,Healy,UnionPay,Biolife Grup,3445,2,29
617,Luke,Nelson,Visa,ExxonMobil,6541,31,35
618,Margaret,Wood,MasterCard,Danone,8962,3,32
619,Ethan,Styles,Maestro,Coca-Cola Company,3786,3,32
620,Jazmin,Aldridge,Visa,Biolife Grup,7516,29,38
621,Stella,Clifford,Visa,Apple Inc.,9950,30,27
622,Javier,Mullins,Wells Fargo,ExxonMobil,7698,6,25
623,Katelyn,Reading,American Express,Zepter,1829,12,28
624,Kieth,Quinton,MasterCard,Areon Impex,6888,3,30
625,Abdul,Stone,Visa,Facebook,9143,6,28
626,Lara,Needham,Bank of America,Carrefour,5810,30,30
627,Goldie,Zaoui,Capital One,21st Century Fox,3674,7,30
628,Elle,Wise,American Express,Areon Impex,5579,9,31
629,Hayden,Uttridge,Citibank,CarMax,9883,14,36
630,Analise,Chadwick,Capital One,Vodafone,5072,5,37
631,Phillip,Hunt,Capital One,Team Guard SRL,7606,5,34
632,Tania,Giles,UnionPay,Danone,7938,12,38
633,Elise,Dale,MasterCard,Amazon.com,7665,16,31
634,Johnathan,Craig,Citibank,Global Print,8612,7,28
635,Stella,Lyon,Capital One,Telekom,9220,9,30
636,Janelle,Fulton,Chase,UPC,6752,26,30
637,Percy,Khan,Discover,Facebook,9033,36,32
638,Chad,Upton,Wells Fargo,AECOM,1731,13,36
639,John,Egerton,Visa,Telekom,9998,10,28
640,Alma,Connell,Bank of America,Erickson,8241,36,34
641,Paula,Steer,Visa,Facebook,4832,21,39
642,Mary,Richardson,MasterCard,BuzzFeed,7421,33,35
643,Carla,Judd,MasterCard,ExxonMobil,5628,29,38
644,Carter,Ogilvy,Capital One,Metro Cash&Carry,1046,7,31
645,Jacob,John,UnionPay,CarMax,2528,3,37
646,Vicky,Coleman,Citibank,Areon Impex,1285,14,33
647,Morgan,Snow,UnionPay,ENEL,7270,34,32
648,Ethan,Redfern,Discover,Areon Impex,2995,22,25
649,Liliana,Rixon,Wells Fargo,21st Century Fox,2316,28,32
650,Benny,Edmonds,Bank of America,Metro Cash&Carry,7396,39,37
651,Melania,Garcia,Chase,ExxonMobil,5530,1,37
652,Nancy,Pearson,Discover,BuzzFeed,3886,34,32
653,Bart,Nash,Capital One,Apple Inc.,8647,12,31
654,Julian,Price,Bank of America,Vodafone,9727,4,31
655,Rosalyn,Poulton,Maestro,UPC,9357,11,39
656,Hayden,Windsor,Capital One,Demaco,8956,25,29
657,Eduardo,Lloyd,American Express,It Smart Group,6768,20,35
658,Daron,King,Citibank,Metro Cash&Carry,2290,24,33
659,Marvin,Irving,American Express,It Smart Group,8734,2,31
660,Trisha,Thorne,Wells Fargo,Boeing,1156,33,28
661,Harvey,Saunders,Capital One,Metro Cash&Carry,7450,10,33
662,Sadie,Murray,MasterCard,Metro Cash&Carry,2933,21,31
663,Chad,Tate,American Express,Global Print,3043,5,37
664,Sage,Fisher,Chase,Amazon.com,1127,34,34
665,Jayden,Howard,Chase,CarMax,3712,5,27
666,Moira,Ellwood,UnionPay,AECOM,8591,39,33
667,Katelyn,Mullins,American Express,Demaco,4589,38,37
668,Daron,Antcliff,Capital One,Danone,7313,26,39
669,Jenna,Reese,Visa,21st Century Fox,9306,19,39
670,John,West,MasterCard,ExxonMobil,5049,14,25
671,Bart,Woodcock,Chase,ExxonMobil,5021,2,25
672,Livia,Santos,UnionPay,Amazon.com,8416,2,27
673,Peter,Allington,Discover,Danone,8769,13,27
674,Leroy,Coleman,Capital One,Boeing,7666,3,28
675,Callie,Varndell,Citibank,Vodafone,1190,7,27
676,Carmella,Casey,Visa,Coca-Cola Company,8103,3,32
677,Denny,Graham,Capital One,Comcast,6140,37,28
678,Noemi,Locke,Chase,Apple Inc.,7348,9,33
679,Julius,Harris,Chase,Telekom,9708,38,30
680,Carter,Webster,American Express,Comodo,2689,6,25
681,Naomi,Gregory,Wells Fargo,Areon Impex,7814,34,30
682,Noah,Russel,Bank of America,Vodafone,6489,32,39
683,Sharon,Price,Capital One,Carrefour,5526,33,29
684,Luke,Grady,American Express,UPC,5450,8,33
685,Erick,Murray,Discover,Biolife Grup,7484,26,29
686,Bryon,Hepburn,Discover,Biolife Grup,1821,8,35
687,Roger,Nielson,Bank of America,Danone,8484,38,35
688,Harvey,Wright,Wells Fargo,ExxonMobil,4764,35,38
689,Kurt,Rixon,American Express,21st Century Fox,1327,15,35
690,Hayden,Palmer,Discover,Apple Inc.,1888,25,29
691,John,Anderson,American Express,AECOM,4221,17,30
692,Carmella,Baker,Discover,Biolife Grup,2164,21,31
693,Sebastian,Quinton,Bank of America,Comcast,8124,18,26
694,Brad,Cann,Capital One,Apple Inc.,2934,14,34
695,Norah,Redfern,Wells Fargo,Carrefour,5301,16,30
696,Ada,Ryan,Chase,Coca-Cola Company,6051,5,31
697,Barney,Smith,Visa,Comodo,8207,35,31
698,Vanessa,Haines,MasterCard,Carrefour,2071,1,34
699,Chadwick,Lakey,Discover,DynCorp,1266,12,39
700,Tess,Ogilvy,Citibank,21st Century Fox,8841,3,27
701,Manuel,Hardwick,MasterCard,Amazon.com,3098,24,30
702,Kimberly,Trent,Bank of America,ExxonMobil,2505,11,28
703,Karen,Page ,UnionPay,Amazon.com,3875,24,28
704,Bryon,Hale,Capital One,Erickson,8448,8,39
705,Gemma,Campbell,MasterCard,Carrefour,7959,29,26
706,John,Chapman,Maestro,Apple Inc.,4890,8,35
707,Sebastian,Dale,Capital One,Biolife Grup,4691,9,37
708,Sienna,Thompson,Chase,Areon Impex,3159,3,26
709,Mya,Notman,MasterCard,Carrefour,1522,7,33
710,Javier,Reyes,UnionPay,ENEL,6662,35,30
711,Oliver,Brooks,Citibank,Carrefour,8575,14,36
712,Anabel,Wilkinson,MasterCard,Erickson,2180,6,32
713,Hayden,Cattell,Chase,Zepter,9792,24,30
714,Sharon,Lynch,American Express,AECOM,6197,15,34
715,David,Parsons,Capital One,Erickson,9806,1,37
716,Cassandra,Chapman,Discover,Danone,9144,9,25
717,Freya,Richards,UnionPay,Apple Inc.,3269,25,27
718,George,Mitchell,Bank of America,Facebook,8968,9,36
719,Dalia,Russel,MasterCard,Facebook,7943,9,28
720,Julianna,Nayler,Discover,Carrefour,8313,11,27
721,David,Simmons,Visa,It Smart Group,7612,12,35
722,Anabel,Jarvis,Discover,CarMax,2417,6,32
723,Sage,Hood,Discover,Demaco,1170,15,28
724,Laila,Rose,Bank of America,Coca-Cola Company,8881,3,27
725,Alex,Jones,Chase,UPC,1570,24,27
726,Carla,Collingwood,American Express,Metro Cash&Carry,5194,11,34
727,Boris,Wade,Maestro,Amazon.com,5468,24,39
728,Cara,Stevens,Maestro,Boeing,4715,26,33
729,Ethan,Thompson,Visa,Global Print,6149,2,35
730,Boris,Upsdell,Bank of America,Global Print,9647,34,35
731,Jessica,Bryant,Capital One,Boeing,1914,11,36
732,Karen,Lambert,Capital One,Comodo,6826,12,34
733,Marvin,Martin,MasterCard,Coca-Cola Company,1865,13,36
734,Karla,Weatcroft,MasterCard,Mars,7267,27,36
735,Sarah,Upton,Chase,Boeing,4437,29,26
736,Mason,Tait,American Express,Zepter,7559,25,38
737,David,Holmes,Visa,Mars,6459,27,37
738,Judith,Olson,Wells Fargo,Telekom,1725,2,32
739,Valentina,Robe,UnionPay,Biolife Grup,7332,31,34
740,Dasha,Morley,Capital One,It Smart Group,9536,1,39
741,Ryan,Holmes,UnionPay,ExxonMobil,5893,1,35
742,Maxwell,Jackson,Citibank,ExxonMobil,3191,18,37
743,Faith,Ralph,UnionPay,Zepter,9488,10,35
744,Jayden,Alexander,UnionPay,Global Print,3955,27,39
745,Tiffany,Lucas,Citibank,Erickson,4421,29,35
746,Sloane,Harris,American Express,Comodo,8057,32,27
747,Cassidy,Knight,Discover,ExxonMobil,4119,10,36
748,William,Middleton,Wells Fargo,ExxonMobil,4061,17,30
749,Isla,Khan,Visa,ENEL,4368,20,28
750,Chris,Varley,American Express,Areon Impex,8457,27,33
751,Harry,Yarlett,Discover,Biolife Grup,9565,8,32
752,Ronald,Holmes,Capital One,Comodo,3085,35,35
753,Phillip,Tutton,Capital One,Biolife Grup,6764,27,28
754,Alice,Nurton,Capital One,Mars,8232,33,32
755,Mike,London,MasterCard,Erickson,7170,29,33
756,Ron,Gallacher,Wells Fargo,Biolife Grup,2881,8,31
757,Hannah,Bryant,Capital One,Amazon.com,4055,37,37
758,Enoch,Roscoe,Visa,Amazon.com,9118,29,33
759,Brad,Miller,MasterCard,Team Guard SRL,7018,17,27
760,Denny,Wild,Maestro,Boeing,3067,26,37
761,Christy,Button,Bank of America,Vodafone,6022,23,25
762,Elijah,Mills,Wells Fargo,Areon Impex,6096,26,33
763,Alexa,Redfern,Capital One,21st Century Fox,9407,11,39
764,Alma,Wheeler,Chase,UPC,9877,39,35
765,Carter,Tyrrell,Capital One,Vodafone,8948,14,34
766,Adalie,Wood,Maestro,Apple Inc.,8906,9,30
767,John,Robe,Chase,Amazon.com,3696,22,29
768,Boris,Martin,Bank of America,Team Guard SRL,1157,21,38
769,Goldie,Hill,Citibank,Telekom,3876,15,25
770,Kamila,Greenwood,Capital One,AECOM,3368,23,33
771,Marie,Egerton,MasterCard,CarMax,4308,29,37
772,Naomi,Dann,Wells Fargo,UPC,5635,16,35
773,Caleb,Evans,Discover,UPC,2714,28,30
774,Adalie,Warden,MasterCard,Telekom,3096,31,25
775,Hayden,Funnell,MasterCard,It Smart Group,3918,35,37
776,Christy,Weston,Citibank,Erickson,8920,22,30
777,Ramon,Clayton,Citibank,UPC,8658,5,39
778,Nick,Squire,Citibank,Biolife Grup,5516,8,27
779,Tom,Henderson,UnionPay,Boeing,2971,20,26
780,Brooklyn,Coll,Bank of America,Leadertech Consulting,6718,3,25
781,Nathan,Brock,UnionPay,Apple Inc.,8050,23,29
782,Mason,Eyres,UnionPay,Comodo,8645,9,30
783,Evie,Dunbar,American Express,Leadertech Consulting,8642,20,25
784,Eve,Shepherd,Chase,Coca-Cola Company,3135,18,35
785,Jessica,Edley,MasterCard,Leadertech Consulting,5739,32,25
786,Gabriel,Farmer,MasterCard,Apple Inc.,8309,3,36
787,Chad,Whitehouse,Citibank,Comcast,7316,19,33
788,Josh,Crawford,Wells Fargo,Metro Cash&Carry,1159,12,31
789,Dorothy,Bolton,Discover,Team Guard SRL,9871,33,38
790,Sebastian,Walsh,Wells Fargo,DynCorp,3744,29,34
791,Christy,Yarwood,Chase,Mars,4882,12,35
792,Cecilia,Cox,UnionPay,Apple Inc.,3381,24,30
793,Rose,Jobson,Visa,AECOM,3584,23,35
794,Rick,Plumb,Visa,Zepter,9659,29,33
795,Cassidy,Graham,Bank of America,It Smart Group,7521,27,36
796,Teagan,Noach,Citibank,Biolife Grup,2624,21,31
797,Owen,Fowler,MasterCard,Erickson,6410,6,31
798,Elena,Bishop,Visa,Danone,2547,39,37
799,Stephanie,Robertson,Bank of America,ENEL,7981,8,25
800,Hadley,Durrant,Bank of America,Global Print,5513,4,31
801,Hayden,Edwards,Citibank,Team Guard SRL,5851,10,33
802,Denny,Wilcox,Citibank,Mars,5905,26,36
803,Macy,Knight,Bank of America,Facebook,7272,39,37
804,Abdul,Brennan,Visa,Comcast,3263,7,32
805,Meredith,Watson,MasterCard,Facebook,9478,25,37
806,Tom,Stuart,Visa,Areon Impex,2509,10,30
807,Camellia,Whittle,Visa,ExxonMobil,3102,30,30
808,Benjamin,Mason,American Express,Global Print,2135,7,26
809,Jennifer,Exton,MasterCard,UPC,4678,3,35
810,Hayden,Turner,Discover,Vodafone,8867,36,29
811,Michaela,Shaw,Bank of America,Areon Impex,1482,28,37
812,Phillip,Judd,Citibank,Apple Inc.,2990,22,30
813,Florence,Camden,Chase,Team Guard SRL,1178,35,26
814,Rick,Radley,Maestro,Amazon.com,1146,7,25
815,Mark,Clayton,American Express,AECOM,3415,6,27
816,Cherish,Wills,Bank of America,Comodo,9933,13,29
817,Eduardo,Ward,Bank of America,Areon Impex,3852,4,32
818,Nick,Emerson,Capital One,UPC,7982,36,36
819,Tara,Jarvis,Citibank,Erickson,2349,34,32
820,Enoch,Exton,Citibank,Demaco,1397,4,31
821,Peyton,Uttridge,Maestro,Comodo,3586,2,30
822,Domenic,Richards,Citibank,ExxonMobil,8145,26,37
823,Caydence,Stewart,UnionPay,Biolife Grup,3400,1,27
824,Russel,Appleton,Visa,Apple Inc.,1375,36,39
825,Bart,Russell,MasterCard,It Smart Group,9522,28,28
826,Grace,Hobson,Maestro,Zepter,8207,28,31
827,Aeris,Locke,Bank of America,Facebook,4722,32,25
828,Russel,Simpson,Chase,Biolife Grup,8828,2,27
829,Shannon,Wright,Discover,Zepter,4401,28,29
830,Cherish,Wheeler,UnionPay,Metro Cash&Carry,1635,18,29
831,Mackenzie,Hardwick,MasterCard,Vodafone,1113,10,39
832,William,Murray,UnionPay,Comodo,1991,23,31
833,Cadence,Yang,MasterCard,Danone,9770,27,36
834,Bob,Shea,Wells Fargo,Comodo,2272,24,27
835,Adina,Radcliffe,American Express,DynCorp,8125,37,31
836,Fred,Palmer,UnionPay,Apple Inc.,1013,10,37
837,Carter,Bailey,UnionPay,Biolife Grup,2910,6,36
838,Mark,Walton,UnionPay,Comodo,7324,36,26
839,Liam,Button,American Express,21st Century Fox,2882,25,27
840,Kieth,Cassidy,American Express,UPC,9880,17,31
841,Penelope,Williams,Visa,Metro Cash&Carry,8937,22,37
842,David,Salt,Wells Fargo,Areon Impex,3291,16,33
843,Lara,Ainsworth,Wells Fargo,Erickson,8395,24,30
844,Ryan,Clark,Chase,21st Century Fox,7736,12,33
845,Marissa,Villiger,Maestro,Zepter,8065,27,33
846,Maria,Walker,Visa,Metro Cash&Carry,1804,8,32
847,Jack,Varley,Visa,Zepter,9542,4,32
848,Rick,Abbot,Bank of America,Amazon.com,9261,23,35
849,Vanessa,Davies,Wells Fargo,BuzzFeed,5001,32,25
850,Julian,Robertson,American Express,BuzzFeed,5120,38,28
851,Claire,Yarlett,Discover,It Smart Group,2698,34,38
852,Bethany,Yang,Visa,Areon Impex,8478,26,31
853,Elijah,Curtis,Visa,ENEL,7131,25,27
854,Maribel,Evans,Maestro,DynCorp,6707,24,25
855,Rick,Griffiths,American Express,BuzzFeed,7922,23,34
856,Julian,Redwood,Maestro,CarMax,7413,3,38
857,Winnie,Nobbs,UnionPay,Danone,8002,31,35
858,Jackeline,Harrison,Chase,ExxonMobil,8777,5,35
859,Lucas,Wills,Capital One,Apple Inc.,3012,21,32
860,Adelaide,Kidd,UnionPay,AECOM,7043,7,38
861,Clint,Dallas,Visa,UPC,9167,36,38
862,Mike,Mcneill,Maestro,Demaco,1252,33,32
863,Lana,Noon,Chase,Global Print,7527,21,37
864,Tiffany,Mcguire,American Express,CarMax,1543,7,27
865,Darlene,Rust,Capital One,Areon Impex,1035,10,31
866,Diane,Vaughan,Chase,Telekom,5871,38,33
867,Daron,Campbell,Citibank,Comodo,6153,25,37
868,Gina,Uddin,Bank of America,Boeing,5278,36,36
869,Sylvia,Torres,Capital One,CarMax,5968,22,34
870,Wade,Spencer,UnionPay,21st Century Fox,9570,8,34
871,Peter,Bryant,UnionPay,Areon Impex,1773,6,27
872,Wade,Blackburn,Bank of America,Carrefour,4272,23,25
873,Carina,Brock,Capital One,Global Print,7028,24,29
874,Rowan,Eyres,Discover,UPC,9210,23,25
875,Jayden,Johnson,American Express,Amazon.com,3358,33,32
876,Barney,Gardner,Discover,Global Print,7035,21,37
877,Gil,Price,Wells Fargo,CarMax,9156,14,39
878,Brad,Umney,Wells Fargo,Vodafone,3996,27,36
879,Alan,Bennett,Discover,It Smart Group,2840,5,30
880,Havana,Russell,MasterCard,Comodo,8388,2,26
881,Angelique,Mcnally,American Express,DynCorp,1307,2,39
882,Jocelyn,Ogilvy,UnionPay,Apple Inc.,4189,13,38
883,Candace,Huggins,Citibank,Telekom,7687,27,31
884,Danny,Funnell,Chase,Boeing,2462,37,25
885,Harvey,Rogers,Visa,Team Guard SRL,3288,36,34
886,Tyler,Cavanagh,Maestro,Zepter,5313,1,32
887,Javier,Larkin,MasterCard,Zepter,1047,17,28
888,Samantha,Connell,Visa,Comcast,5252,5,36
889,Chelsea,Sanchez,Wells Fargo,Boeing,2467,29,27
890,Chris,Broomfield,Chase,BuzzFeed,7727,29,31
891,Lucy,John,UnionPay,Comcast,7828,14,28
892,Mark,Casey,American Express,ExxonMobil,8192,10,35
893,Aurelia,Newman,Capital One,Comodo,5260,27,39
894,Rick,Taylor,MasterCard,It Smart Group,8439,13,34
895,Janelle,Shields,MasterCard,CarMax,4951,15,32
896,Elijah,Murphy,Wells Fargo,Apple Inc.,3527,16,27
897,Rachael,Paterson,Discover,Carrefour,4778,16,28
898,Bob,Taylor,Discover,AECOM,2106,3,33
899,Camden,Weatcroft,Discover,Comcast,9941,28,32
900,Leah,Graves,Bank of America,Erickson,2245,23,27
901,Barney,Nielson,Citibank,It Smart Group,5679,21,33
902,Elijah,Salt,Wells Fargo,Vodafone,6448,39,39
903,Logan,Speed,Visa,DynCorp,6546,31,28
904,Doris,Wright,Maestro,Team Guard SRL,5933,36,29
905,Rhea,James,American Express,Danone,1289,16,31
906,Liam,Yard,Visa,Team Guard SRL,3305,12,26
907,Stacy,Vernon,Discover,Leadertech Consulting,4706,13,34
908,Angelina,Hunter,Maestro,Metro Cash&Carry,6264,16,25
909,Aiden,Young,Visa,Comodo,6083,32,26
910,Carl,Owen,Maestro,ENEL,6480,3,27
911,Kate,Irwin,Bank of America,Boeing,2460,29,33
912,Tom,Rogan,American Express,Metro Cash&Carry,4722,2,26
913,Rita,Norris,UnionPay,Mars,2522,2,33
914,Trisha,James,American Express,Amazon.com,4279,7,35
915,Alessia,Rogan,American Express,ExxonMobil,5527,9,27
916,Carolyn,Lindop,Visa,ENEL,4881,27,36
917,Luke,Edwards,Capital One,Mars,4307,16,35
918,Rihanna,Fulton,MasterCard,Biolife Grup,3683,25,30
919,Lucas,Shields,Maestro,Global Print,6766,12,39
920,Fred,Morris,Discover,ExxonMobil,9361,6,25
921,Mike,Wheeler,Wells Fargo,BuzzFeed,8354,38,29
922,Lucas,Overson,Chase,Carrefour,9872,21,31
923,Kieth,Edwards,Citibank,Mars,7507,19,31
924,Clint,Hopkinson,Citibank,ENEL,6439,36,25
925,Chadwick,Curtis,Bank of America,Areon Impex,2188,20,39
926,Tara,Foxley,Bank of America,Vodafone,7272,35,38
927,Audrey,Griffiths,Discover,Biolife Grup,1826,12,27
928,Candice,Ashley,Capital One,Apple Inc.,9276,35,31
929,Eryn,Malone,UnionPay,Telekom,7375,21,27
930,Chadwick,Bradley,American Express,DynCorp,6215,9,31
931,Angelica,Norris,Maestro,Danone,1993,18,39
932,Elena,Freeburn,Citibank,Mars,2307,24,32
933,Audrey,Wilton,Bank of America,Team Guard SRL,2397,10,32
934,Adela,Talbot,MasterCard,UPC,9341,15,35
935,Greta,Reese,Discover,Comodo,9356,13,30
936,Adeline,Jackson,Wells Fargo,Team Guard SRL,5544,17,30
937,Gina,Grey,Capital One,Team Guard SRL,4487,10,32
938,Nathan,Benson,Bank of America,ExxonMobil,2816,19,26
939,Samara,Phillips,Discover,Metro Cash&Carry,8065,19,33
940,Colleen,Vincent,Chase,UPC,7501,11,31
941,Priscilla,Ogilvy,American Express,Coca-Cola Company,1502,22,29
942,Daria,Nelson,UnionPay,Amazon.com,5322,24,36
943,Bob,Stewart,American Express,Team Guard SRL,6610,36,39
944,Summer,Eastwood,Visa,UPC,6617,39,33
945,Renee,Simpson,Discover,Zepter,1369,5,35
946,Kate,Dwyer,Visa,Global Print,8197,25,35
947,Abbey,Abbey,Maestro,Areon Impex,8793,11,28
948,Rufus,Thatcher,UnionPay,BuzzFeed,4398,33,26
949,Carter,Radley,Capital One,UPC,8068,1,25
950,Gil,Swift,Visa,AECOM,7828,28,36
951,Melinda,Dale,Capital One,Comodo,1344,25,28
952,Raquel,Bowen,MasterCard,Team Guard SRL,5040,32,37
953,Robyn,Rowan,Capital One,21st Century Fox,3416,7,34
954,Meredith,Walsh,Bank of America,Facebook,1860,29,29
955,Tyler,Callan,American Express,Biolife Grup,5530,1,28
956,Daron,Power,Discover,Comodo,8238,33,39
957,Johnny,Williams,Wells Fargo,Boeing,4191,22,31
958,Kendra,Yard,Wells Fargo,AECOM,7565,22,28
959,Chad,Bentley,Visa,AECOM,4759,10,35
960,Angel,Farmer,Maestro,Vodafone,4873,24,30
961,George,Stanley,American Express,Danone,3381,18,31
962,Nick,Anderson,Wells Fargo,Apple Inc.,5347,28,33
963,Marigold,Eddison,Chase,Metro Cash&Carry,7201,18,37
964,Jayden,Lynn,Visa,Erickson,6547,11,38
965,Harvey,Allwood,Maestro,Carrefour,2702,4,36
966,Tom,Collins,Citibank,Erickson,7558,14,33
967,Nick,Crawford,Capital One,Zepter,1043,37,25
968,Logan,Coates,Bank of America,Boeing,3378,6,38
969,Elijah,Cassidy,Wells Fargo,Telekom,7750,20,33
970,Stella,Roman,Wells Fargo,Comodo,4545,20,30
971,Violet,Jennson,Bank of America,ENEL,9149,7,32
972,Erick,Addis,MasterCard,Amazon.com,3229,36,36
973,Matthew,Yarwood,Visa,Mars,8463,35,28
974,Chloe,Saunders,Discover,Metro Cash&Carry,5425,38,35
975,Candice,Simpson,Maestro,Comodo,3660,18,29
976,Russel,Davies,Bank of America,BuzzFeed,2984,26,32
977,Denis,Snell,Capital One,Leadertech Consulting,4323,24,26
978,Angela,Kerr,Discover,Erickson,4912,5,30
979,Gwenyth,Downing,Maestro,Apple Inc.,9445,27,32
980,Gemma,Campbell,Capital One,Team Guard SRL,1246,13,36
981,Bart,Rixon,Chase,Boeing,6942,7,39
982,Drew,Dann,Citibank,Metro Cash&Carry,6724,38,33
983,Monica,Upton,UnionPay,21st Century Fox,6991,8,26
984,Tony,Benson,Maestro,Global Print,3825,37,39
985,Percy,Tanner,Capital One,Mars,5828,21,27
986,Ronald,Flynn,Chase,Areon Impex,6730,4,34
987,Rufus,Dobson,Bank of America,CarMax,6517,20,29
988,Logan,Woodley,UnionPay,Telekom,2663,27,39
989,Tyler,Ranks,Capital One,ExxonMobil,7191,34,37
990,Holly,Bailey,MasterCard,CarMax,6630,7,32
991,Sarah,Evans,Discover,Comcast,1224,37,25
992,George,Fulton,Visa,Danone,8452,21,37
993,Angel,Stevens,Bank of America,21st Century Fox,7921,35,38
994,Britney,Ralph,Visa,BuzzFeed,3098,13,28
995,Josh,Funnell,Capital One,ExxonMobil,9256,25,37
996,Dalia,Knight,MasterCard,Global Print,7212,27,38
997,Noah,Callan,Capital One,Areon Impex,3692,11,29
998,Rowan,Corbett,MasterCard,Boeing,8192,7,30
999,Javier,Kennedy,MasterCard,Team Guard SRL,3026,1,31
1000,Ema,Matthews,Maestro,Carrefour,6802,25,39